actual,proposed
2.57848827456e-07,11.11111111111111
2.57848827456e-07,11.11111111111111
0.0079048697376,11.11111111111111
0.0079048697376,11.11111111111111
0.0079048697376,11.11111111111111
0.0079048697376,11.11111111111111
0.0079048697376,11.11111111111111
0.013958850822399999,11.11111111111111
0.013958850822399999,11.11111111111111
0.013958850822399999,11.11111111111111
0.007147713619199999,11.11111111111111
0.0193207603424,11.11111111111111
0.0193207603424,11.11111111111111
0.0173952070688,11.11111111111111
0.0173952070688,11.11111111111111
0.0226776149952,11.11111111111111
0.0226776149952,11.11111111111111
0.0317691792352,11.11111111111111
0.0317691792352,11.11111111111111
0.0334539612352,11.11111111111111
0.0334539612352,11.11111111111111
0.0315518507392,11.11111111111111
0.0315518507392,11.11111111111111
0.047262588736,11.11111111111111
0.04520423776,11.11111111111111
0.04520423776,11.11111111111111
0.04520423776,11.11111111111111
0.05146860928,11.11111111111111
0.05146860928,11.11111111111111
0.063774547584,11.11111111111111
0.063774547584,11.11111111111111
0.055266795231999996,11.11111111111111
0.062318895936000006,11.11111111111111
0.062318895936000006,11.11111111111111
0.062318895936000006,11.11111111111111
0.062429135999999996,11.11111111111111
0.062429135999999996,11.11111111111111
0.07208072959999999,11.11111111111111
0.07208072959999999,11.11111111111111
0.084216837408,11.11111111111111
0.084216837408,11.11111111111111
0.084216837408,11.11111111111111
0.081598255904,11.11111111111111
0.081598255904,11.11111111111111
0.081598255904,11.11111111111111
0.0846626704,11.11111111111111
0.0846626704,11.11111111111111
0.0846626704,11.11111111111111
0.087279821376,11.11111111111111
0.087279821376,11.11111111111111
0.087279821376,11.11111111111111
0.085275159904,11.11111111111111
0.085275159904,11.11111111111111
0.085275159904,11.11111111111111
0.085275159904,11.11111111111111
0.107728414464,11.11111111111111
0.107728414464,11.11111111111111
0.107728414464,11.11111111111111
0.098724134784,11.11111111111111
0.098724134784,11.11111111111111
0.116584053344,11.11111111111111
0.116584053344,11.11111111111111
0.09178473286399999,11.11111111111111
0.09178473286399999,11.11111111111111
0.117251573472,11.11111111111111
0.117251573472,11.11111111111111
0.11176648207999998,11.11111111111111
0.11176648207999998,11.11111111111111
0.107801103168,11.11111111111111
0.11718550096,11.11111111111111
0.11718550096,11.11111111111111
0.11987869343999999,11.11111111111111
0.11987869343999999,11.11111111111111
0.12209315078399999,11.11111111111111
0.12209315078399999,11.11111111111111
0.11820050527999999,11.11111111111111
0.133749852896,11.11111111111111
0.133749852896,11.11111111111111
0.135761845824,11.11111111111111
0.135761845824,11.11111111111111
0.13842222556800002,11.11111111111111
0.13842222556800002,11.11111111111111
0.139663163904,11.11111111111111
0.139663163904,11.11111111111111
0.13892036223999998,11.11111111111111
0.143629973344,11.11111111111111
0.143629973344,11.11111111111111
0.145428415264,11.11111111111111
0.145428415264,11.11111111111111
0.136131994944,11.11111111111111
0.136131994944,11.11111111111111
0.1596849232,11.11111111111111
0.1596849232,11.11111111111111
0.164703975392,11.11111111111111
0.164703975392,11.11111111111111
0.157824700352,11.11111111111111
0.157824700352,11.11111111111111
0.16229988368,11.11111111111111
0.16229988368,11.11111111111111
0.168162902688,11.11111111111111
0.168162902688,11.11111111111111
0.17326555136,11.11111111111111
0.17326555136,11.11111111111111
0.17052389974399998,11.11111111111111
0.19159101737599998,11.11111111111111
0.19159101737599998,11.11111111111111
0.17504789984,11.11111111111111
0.17504789984,11.11111111111111
0.192663600448,11.11111111111111
0.192663600448,11.11111111111111
0.17903344025600001,11.11111111111111
0.17903344025600001,11.11111111111111
0.18368860188799999,11.11111111111111
0.18368860188799999,11.11111111111111
0.184909289312,11.11111111111111
0.184909289312,11.11111111111111
0.187758632864,11.11111111111111
0.187758632864,11.11111111111111
0.193926488448,11.11111111111111
0.193926488448,11.11111111111111
0.18313802742399998,11.11111111111111
0.18313802742399998,11.11111111111111
0.20081027859199999,11.11111111111111
0.20081027859199999,11.11111111111111
0.202865366176,11.11111111111111
0.19955007283200002,11.11111111111111
0.19955007283200002,11.11111111111111
0.206210342976,11.11111111111111
0.206210342976,11.11111111111111
0.20908525721600002,11.11111111111111
0.20908525721600002,11.11111111111111
0.20208912591999997,11.11111111111111
0.20208912591999997,11.11111111111111
0.20208912591999997,11.11111111111111
0.21809682364799998,11.11111111111111
0.21809682364799998,11.11111111111111
0.21809682364799998,11.11111111111111
0.21809682364799998,11.11111111111111
0.23648062838399997,11.11111111111111
0.23648062838399997,11.11111111111111
0.23648062838399997,11.11111111111111
0.220572933504,11.11111111111111
0.220572933504,11.11111111111111
0.220572933504,11.11111111111111
0.231546066752,11.11111111111111
0.231546066752,11.11111111111111
0.231546066752,11.11111111111111
0.22707217984,11.11111111111111
0.22707217984,11.11111111111111
0.371162157344,11.11111111111111
0.371162157344,11.11111111111111
0.371162157344,11.11111111111111
0.54204762304,11.11111111111111
0.54204762304,11.11111111111111
0.54204762304,11.11111111111111
0.69623887168,11.11111111111111
0.69623887168,11.11111111111111
0.69623887168,11.11111111111111
0.82431627872,11.11111111111111
0.82431627872,11.11111111111111
0.9180556492799999,11.11111111111111
0.9180556492799999,11.11111111111111
1.0253577664,11.11111111111111
1.0253577664,11.11111111111111
1.12164481792,11.11111111111111
1.12164481792,11.11111111111111
1.1777827600000002,11.11111111111111
1.2807852464,11.11111111111111
1.2807852464,11.11111111111111
1.3838154492799999,11.11111111111111
1.3838154492799999,11.11111111111111
1.4871590272,11.11111111111111
1.4871590272,11.11111111111111
1.589696592,11.11111111111111
1.589696592,11.11111111111111
1.69133739456,11.11111111111111
1.69133739456,11.11111111111111
1.7920756233600001,11.11111111111111
1.7920756233600001,11.11111111111111
1.89239765792,11.11111111111111
1.89239765792,11.11111111111111
1.9923946944,11.11111111111111
1.9923946944,11.11111111111111
2.04226960608,11.11111111111111
2.1417619344,11.11111111111111
2.1417619344,11.11111111111111
2.24088768992,11.11111111111111
2.24088768992,11.11111111111111
2.33963480256,11.11111111111111
2.33963480256,11.11111111111111
2.4379903081600003,11.11111111111111
2.4379903081600003,11.11111111111111
2.53595599488,11.11111111111111
2.53595599488,11.11111111111111
2.6335251571200002,11.11111111111111
2.6335251571200002,11.11111111111111
2.7307022652799997,11.11111111111111
2.7307022652799997,11.11111111111111
2.7791421785600003,11.11111111111111
2.8757278528000003,11.11111111111111
2.8757278528000003,11.11111111111111
2.97192236704,11.11111111111111
2.97192236704,11.11111111111111
3.06772080384,11.11111111111111
3.06772080384,11.11111111111111
3.16312897472,11.11111111111111
3.16312897472,11.11111111111111
3.25815179712,11.11111111111111
3.25815179712,11.11111111111111
3.3527901651199996,11.11111111111111
3.3527901651199996,11.11111111111111
3.4470449728,11.11111111111111
3.4470449728,11.11111111111111
3.54091800832,11.11111111111111
3.54091800832,11.11111111111111
3.6344137420799996,11.11111111111111
3.6344137420799996,11.11111111111111
3.7275290448000002,11.11111111111111
3.7275290448000002,11.11111111111111
3.8202688339199997,11.11111111111111
3.8202688339199997,11.11111111111111
3.91263355648,11.11111111111111
3.91263355648,11.11111111111111
4.00462410656,11.11111111111111
4.00462410656,11.11111111111111
4.09624271936,11.11111111111111
4.09624271936,11.11111111111111
4.187490288959999,11.11111111111111
4.187490288959999,11.11111111111111
4.27836905056,11.11111111111111
4.27836905056,11.11111111111111
4.36887811008,11.11111111111111
4.36887811008,11.11111111111111
4.45902104384,11.11111111111111
4.45902104384,11.11111111111111
4.5039548224,11.11111111111111
4.5935505791999995,11.11111111111111
4.5935505791999995,11.11111111111111
4.6827842336,11.11111111111111
4.6827842336,11.11111111111111
4.7716557856,11.11111111111111
4.7716557856,11.11111111111111
4.9042836128000005,11.11111111111111
4.9042836128000005,11.11111111111111
4.9042836128000005,11.11111111111111
4.992252144,11.11111111111111
4.992252144,11.11111111111111
5.1041999008,11.11111111111111
5.1041999008,11.11111111111111
5.0811371072,11.11111111111111
5.0193919423999995,11.11111111111111
5.0193919423999995,11.11111111111111
5.3539030336,11.11111111111111
5.3539030336,11.11111111111111
5.4113923775999995,11.11111111111111
5.4113923775999995,11.11111111111111
5.5280295839999996,11.11111111111111
5.5280295839999996,11.11111111111111
5.5280295839999996,11.11111111111111
5.6092388704000005,11.11111111111111
5.6092388704000005,11.11111111111111
5.6583059808,11.11111111111111
5.6583059808,11.11111111111111
5.671681417599999,11.11111111111111
5.671681417599999,11.11111111111111
5.7866332832000005,11.11111111111111
5.7866332832000005,11.11111111111111
5.8916429792,11.11111111111111
5.8916429792,11.11111111111111
6.0133049152,11.11111111111111
6.0133049152,11.11111111111111
6.1518068480000005,11.11111111111111
6.1518068480000005,11.11111111111111
6.1969623583999995,11.11111111111111
6.1969623583999995,11.11111111111111
6.1937973152,11.11111111111111
6.2009767776,11.11111111111111
6.2009767776,11.11111111111111
6.801449846400001,11.11111111111111
6.801449846400001,11.11111111111111
6.801449846400001,11.11111111111111
6.801449846400001,11.11111111111111
6.801449846400001,11.11111111111111
6.801449846400001,11.11111111111111
6.801449846400001,11.11111111111111
6.801449846400001,11.11111111111111
6.801449846400001,11.11111111111111
6.801449846400001,11.11111111111111
6.801449846400001,11.11111111111111
6.801449846400001,11.11111111111111
6.801449846400001,11.11111111111111
6.801449846400001,11.11111111111111
7.3593781184,11.11111111111111
7.3593781184,11.11111111111111
7.3593781184,11.11111111111111
7.3593781184,11.11111111111111
7.3593781184,11.11111111111111
7.3593781184,11.11111111111111
7.3593781184,11.11111111111111
7.3593781184,11.11111111111111
7.3593781184,11.11111111111111
7.3593781184,11.11111111111111
7.3593781184,11.11111111111111
7.759608559999999,11.11111111111111
7.759608559999999,11.11111111111111
7.759608559999999,11.11111111111111
7.759608559999999,11.11111111111111
7.759608559999999,11.11111111111111
7.759608559999999,11.11111111111111
7.759608559999999,11.11111111111111
7.759608559999999,11.11111111111111
7.759608559999999,11.11111111111111
7.9950689984,11.11111111111111
7.9950689984,11.11111111111111
7.9950689984,11.11111111111111
7.9950689984,11.11111111111111
7.9950689984,11.11111111111111
7.9950689984,11.11111111111111
8.2428006848,11.11111111111111
8.2428006848,11.11111111111111
8.2428006848,11.11111111111111
8.2428006848,11.11111111111111
8.2428006848,11.11111111111111
8.2428006848,11.11111111111111
8.3675248448,11.11111111111111
8.3675248448,11.11111111111111
8.3675248448,11.11111111111111
8.3675248448,11.11111111111111
8.52136472,11.11111111111111
8.52136472,11.11111111111111
8.52136472,11.11111111111111
8.52136472,11.11111111111111
8.5217,11.11111111111111
8.5217,11.11111111111111
8.5217,11.11111111111111
8.670573260800001,11.11111111111111
8.670573260800001,11.11111111111111
8.670573260800001,11.11111111111111
8.670573260800001,11.11111111111111
8.8591749664,11.11111111111111
8.8591749664,11.11111111111111
8.8591749664,11.11111111111111
8.9352075296,11.11111111111111
8.9352075296,11.11111111111111
8.9352075296,11.11111111111111
9.070441599999999,11.11111111111111
9.070441599999999,11.11111111111111
9.070441599999999,11.11111111111111
9.1414896672,11.11111111111111
9.1414896672,11.11111111111111
9.2124975008,11.11111111111111
9.2124975008,11.11111111111111
9.283357811199998,11.11111111111111
9.283357811199998,11.11111111111111
9.3539633088,11.11111111111111
9.3539633088,11.11111111111111
9.4242335264,11.11111111111111
9.4242335264,11.11111111111111
9.4941058784,11.11111111111111
9.4941058784,11.11111111111111
9.5635669536,11.11111111111111
9.5635669536,11.11111111111111
9.6326256928,11.11111111111111
9.6326256928,11.11111111111111
9.7013089184,11.11111111111111
9.7013089184,11.11111111111111
9.769656864,11.11111111111111
9.769656864,11.11111111111111
9.837705292799999,11.11111111111111
9.837705292799999,11.11111111111111
9.905489968,11.11111111111111
9.973042182399999,11.11111111111111
9.973042182399999,11.11111111111111
10.040384288,11.11111111111111
10.040384288,11.11111111111111
10.107529696,11.11111111111111
10.107529696,11.11111111111111
10.1744918176,11.11111111111111
10.1744918176,11.11111111111111
10.241270652799999,11.11111111111111
10.241270652799999,11.11111111111111
10.3078617312,11.11111111111111
10.3078617312,11.11111111111111
10.3742605824,11.11111111111111
10.3742605824,11.11111111111111
10.4404537952,11.11111111111111
10.4404537952,11.11111111111111
10.5064324288,11.11111111111111
10.5064324288,11.11111111111111
10.5721875424,11.11111111111111
10.5721875424,11.11111111111111
10.6377101952,11.11111111111111
10.6377101952,11.11111111111111
10.7029914464,11.11111111111111
10.7029914464,11.11111111111111
10.7680268256,11.11111111111111
10.7680268256,11.11111111111111
10.832802921599999,11.11111111111111
10.832802921599999,11.11111111111111
10.897328675199999,11.11111111111111
10.897328675199999,11.11111111111111
10.961599615999999,11.11111111111111
10.961599615999999,11.11111111111111
11.0256068032,11.11111111111111
11.0256068032,11.11111111111111
11.0893547072,11.11111111111111
11.0893547072,11.11111111111111
11.1528477984,11.11111111111111
11.1528477984,11.11111111111111
11.2160816064,11.11111111111111
11.2160816064,11.11111111111111
11.279060601600001,11.11111111111111
11.279060601600001,11.11111111111111
11.3104517504,11.11111111111111
11.3730462912,11.11111111111111
11.3730462912,11.11111111111111
11.4353860192,11.11111111111111
11.4353860192,11.11111111111111
11.4974709344,11.11111111111111
11.4974709344,11.11111111111111
11.5593010368,11.11111111111111
11.5593010368,11.11111111111111
11.6208807968,11.11111111111111
11.6208807968,11.11111111111111
11.6822102144,11.11111111111111
11.6822102144,11.11111111111111
11.7432892896,11.11111111111111
11.7432892896,11.11111111111111
11.804118022399999,11.11111111111111
11.804118022399999,11.11111111111111
11.8647008832,11.11111111111111
11.8647008832,11.11111111111111
11.9250334016,11.11111111111111
11.9250334016,11.11111111111111
11.9851245184,11.11111111111111
11.9851245184,11.11111111111111
12.0449697632,11.11111111111111
12.0449697632,11.11111111111111
12.104569136,11.11111111111111
12.104569136,11.11111111111111
12.1857873632,11.11111111111111
12.1857873632,11.11111111111111
12.1835879264,11.11111111111111
12.248922822399999,11.11111111111111
12.248922822399999,11.11111111111111
12.310051072,11.11111111111111
12.310051072,11.11111111111111
12.3690022368,11.11111111111111
12.3690022368,11.11111111111111
12.4271532,11.11111111111111
12.4271532,11.11111111111111
12.4850761728,11.11111111111111
12.4850761728,11.11111111111111
12.5428784448,11.11111111111111
12.5428784448,11.11111111111111
12.6006896576,11.11111111111111
12.6006896576,11.11111111111111
12.658040419199999,11.11111111111111
12.658040419199999,11.11111111111111
12.715033548800001,11.11111111111111
12.715033548800001,11.11111111111111
12.7718120992,11.11111111111111
12.7718120992,11.11111111111111
12.8283984224,11.11111111111111
12.8283984224,11.11111111111111
12.8847969888,11.11111111111111
12.8847969888,11.11111111111111
12.940985446400001,11.11111111111111
12.940985446400001,11.11111111111111
12.996950384,11.11111111111111
12.996950384,11.11111111111111
13.0526918016,11.11111111111111
13.0526918016,11.11111111111111
13.108196287999998,11.11111111111111
13.108196287999998,11.11111111111111
13.1634772544,11.11111111111111
13.1634772544,11.11111111111111
13.218525759999999,11.11111111111111
13.218525759999999,11.11111111111111
13.2733462752,11.11111111111111
13.2733462752,11.11111111111111
13.3279477408,11.11111111111111
13.3279477408,11.11111111111111
13.3823167456,11.11111111111111
13.3823167456,11.11111111111111
13.4094207808,11.11111111111111
13.4634634464,11.11111111111111
13.4634634464,11.11111111111111
13.517282592,11.11111111111111
13.517282592,11.11111111111111
13.570882688,11.11111111111111
13.570882688,11.11111111111111
13.6242637344,11.11111111111111
13.6242637344,11.11111111111111
13.6774302016,11.11111111111111
13.6774302016,11.11111111111111
13.730382089599999,11.11111111111111
13.730382089599999,11.11111111111111
13.783114928,11.11111111111111
13.783114928,11.11111111111111
13.8356287168,11.11111111111111
13.8356287168,11.11111111111111
13.8879368672,11.11111111111111
13.8879368672,11.11111111111111
13.937866764799999,11.11111111111111
13.937866764799999,11.11111111111111
13.9925934016,11.11111111111111
13.9925934016,11.11111111111111
14.046041504,11.11111111111111
14.046041504,11.11111111111111
14.072506271999998,11.11111111111111
14.1511137856,11.11111111111111
14.1511137856,11.11111111111111
14.1511137856,11.11111111111111
14.2015398976,11.11111111111111
14.2015398976,11.11111111111111
14.2557434976,11.11111111111111
14.2557434976,11.11111111111111
14.282458607999999,11.11111111111111
14.3617009184,11.11111111111111
14.3617009184,11.11111111111111
14.3617009184,11.11111111111111
14.414044831999998,11.11111111111111
14.414044831999998,11.11111111111111
14.466102639999999,11.11111111111111
14.466102639999999,11.11111111111111
14.517914576,11.11111111111111
14.517914576,11.11111111111111
14.5695164032,11.11111111111111
14.5695164032,11.11111111111111
14.6208991808,11.11111111111111
14.6208991808,11.11111111111111
14.672089731199998,11.11111111111111
14.672089731199998,11.11111111111111
14.6976112448,11.11111111111111
14.7484933376,11.11111111111111
14.7484933376,11.11111111111111
14.799169791999999,11.11111111111111
14.799169791999999,11.11111111111111
14.8711834656,11.11111111111111
14.8711834656,11.11111111111111
14.8959226592,11.11111111111111
14.8959226592,11.11111111111111
14.947131091200001,11.11111111111111
14.947131091200001,11.11111111111111
14.997677904,11.11111111111111
14.997677904,11.11111111111111
15.0476748576,11.11111111111111
15.0476748576,11.11111111111111
15.0911003232,11.11111111111111
15.0911003232,11.11111111111111
15.143314595200001,11.11111111111111
15.143314595200001,11.11111111111111
15.192252063999998,11.11111111111111
15.192252063999998,11.11111111111111
15.240612851200002,11.11111111111111
15.240612851200002,11.11111111111111
15.288566832,11.11111111111111
15.288566832,11.11111111111111
15.336198944,11.11111111111111
15.336198944,11.11111111111111
15.383562832,11.11111111111111
15.383562832,11.11111111111111
15.430703199999998,11.11111111111111
15.430703199999998,11.11111111111111
15.477624518399999,11.11111111111111
15.477624518399999,11.11111111111111
15.5243446688,11.11111111111111
15.5243446688,11.11111111111111
15.5708770624,11.11111111111111
15.5708770624,11.11111111111111
15.5940694976,11.11111111111111
15.640731532799999,11.11111111111111
15.640731532799999,11.11111111111111
15.686302790400001,11.11111111111111
15.686302790400001,11.11111111111111
15.754132169599998,11.11111111111111
15.754132169599998,11.11111111111111
15.754132169599998,11.11111111111111
15.8218676704,11.11111111111111
15.8218676704,11.11111111111111
15.8218676704,11.11111111111111
15.9333192128,11.11111111111111
15.9333192128,11.11111111111111
15.9333192128,11.11111111111111
15.9333192128,11.11111111111111
15.9333192128,11.11111111111111
16.0213369184,11.11111111111111
16.0213369184,11.11111111111111
16.0213369184,11.11111111111111
16.0213369184,11.11111111111111
16.0869936832,11.11111111111111
16.0869936832,11.11111111111111
16.0869936832,11.11111111111111
16.195566288000002,11.11111111111111
16.195566288000002,11.11111111111111
16.195566288000002,11.11111111111111
16.195566288000002,11.11111111111111
16.195566288000002,11.11111111111111
16.3030302336,11.11111111111111
16.3030302336,11.11111111111111
16.3030302336,11.11111111111111
16.3030302336,11.11111111111111
16.3030302336,11.11111111111111
16.3880930048,11.11111111111111
16.3880930048,11.11111111111111
16.3880930048,11.11111111111111
16.3880930048,11.11111111111111
16.451058588800002,11.11111111111111
16.451058588800002,11.11111111111111
16.451058588800002,11.11111111111111
16.5348428256,11.11111111111111
16.5348428256,11.11111111111111
16.5348428256,11.11111111111111
16.5348428256,11.11111111111111
16.596561168,11.11111111111111
16.596561168,11.11111111111111
16.596561168,11.11111111111111
16.6785572448,11.11111111111111
16.6785572448,11.11111111111111
16.6785572448,11.11111111111111
16.6785572448,11.11111111111111
16.7396720832,11.11111111111111
16.7396720832,11.11111111111111
16.7396720832,11.11111111111111
16.820604204800002,11.11111111111111
16.820604204800002,11.11111111111111
16.820604204800002,11.11111111111111
16.820604204800002,11.11111111111111
16.8808696672,11.11111111111111
16.8808696672,11.11111111111111
16.8808696672,11.11111111111111
16.960724422400002,11.11111111111111
16.960724422400002,11.11111111111111
16.960724422400002,11.11111111111111
16.960724422400002,11.11111111111111
17.039689568,11.11111111111111
17.039689568,11.11111111111111
17.039689568,11.11111111111111
17.039689568,11.11111111111111
17.1181316768,11.11111111111111
17.1181316768,11.11111111111111
17.1181316768,11.11111111111111
17.1181316768,11.11111111111111
17.1764346336,11.11111111111111
17.1764346336,11.11111111111111
17.1764346336,11.11111111111111
17.2343933696,11.11111111111111
17.2343933696,11.11111111111111
17.2343933696,11.11111111111111
17.2920168256,11.11111111111111
17.2920168256,11.11111111111111
17.2920168256,11.11111111111111
17.368313142399998,11.11111111111111
17.368313142399998,11.11111111111111
17.368313142399998,11.11111111111111
17.368313142399998,11.11111111111111
17.425122985599998,11.11111111111111
17.425122985599998,11.11111111111111
17.425122985599998,11.11111111111111
17.4628039872,11.11111111111111
17.4628039872,11.11111111111111
17.5003285248,11.11111111111111
17.5003285248,11.11111111111111
17.5377010688,11.11111111111111
17.5377010688,11.11111111111111
17.5749216192,11.11111111111111
17.5749216192,11.11111111111111
17.5934737792,11.11111111111111
17.6304708096,11.11111111111111
17.6304708096,11.11111111111111
17.6673158464,11.11111111111111
17.6673158464,11.11111111111111
17.7040044192,11.11111111111111
17.7040044192,11.11111111111111
17.722297296,11.11111111111111
17.7587623488,11.11111111111111
17.7587623488,11.11111111111111
17.7950843488,11.11111111111111
17.7950843488,11.11111111111111
17.8312543552,11.11111111111111
17.8312543552,11.11111111111111
17.8672768384,11.11111111111111
17.8672768384,11.11111111111111
17.903160739199997,11.11111111111111
17.903160739199997,11.11111111111111
17.9388926464,11.11111111111111
17.9388926464,11.11111111111111
17.9744770304,11.11111111111111
17.9744770304,11.11111111111111
18.009918361599997,11.11111111111111
18.009918361599997,11.11111111111111
18.0275853824,11.11111111111111
18.062807663999997,11.11111111111111
18.062807663999997,11.11111111111111
18.0978913632,11.11111111111111
18.0978913632,11.11111111111111
18.132827539199997,11.11111111111111
18.132827539199997,11.11111111111111
18.1676251328,11.11111111111111
18.1676251328,11.11111111111111
18.2022752032,11.11111111111111
18.2022752032,11.11111111111111
18.219548828799997,11.11111111111111
18.253993260799998,11.11111111111111
18.253993260799998,11.11111111111111
18.2882901696,11.11111111111111
18.2882901696,11.11111111111111
18.3224529664,11.11111111111111
18.3224529664,11.11111111111111
18.3564771808,11.11111111111111
18.3564771808,11.11111111111111
18.3903628128,11.11111111111111
18.3903628128,11.11111111111111
18.4241098624,11.11111111111111
18.4241098624,11.11111111111111
18.4577228,11.11111111111111
18.4577228,11.11111111111111
18.491192684799998,11.11111111111111
18.491192684799998,11.11111111111111
18.5245284576,11.11111111111111
18.5245284576,11.11111111111111
18.557725648,11.11111111111111
18.557725648,11.11111111111111
18.5742750688,11.11111111111111
18.6072710912,11.11111111111111
18.6072710912,11.11111111111111
18.6401285312,11.11111111111111
18.6401285312,11.11111111111111
18.6728563296,11.11111111111111
18.6728563296,11.11111111111111
18.7054544864,11.11111111111111
18.7054544864,11.11111111111111
18.7379140608,11.11111111111111
18.7379140608,11.11111111111111
18.7540924384,11.11111111111111
18.786359785600002,11.11111111111111
18.786359785600002,11.11111111111111
18.818493020800002,11.11111111111111
18.818493020800002,11.11111111111111
18.850492144,11.11111111111111
18.850492144,11.11111111111111
18.882361625599998,11.11111111111111
18.882361625599998,11.11111111111111
18.914105936,11.11111111111111
18.914105936,11.11111111111111
18.9457161344,11.11111111111111
18.9457161344,11.11111111111111
18.9614742944,11.11111111111111
18.9928922656,11.11111111111111
18.9928922656,11.11111111111111
19.024185065599998,11.11111111111111
19.024185065599998,11.11111111111111
19.055348224,11.11111111111111
19.055348224,11.11111111111111
19.0863772704,11.11111111111111
19.0863772704,11.11111111111111
19.117290086399997,11.11111111111111
19.117290086399997,11.11111111111111
19.1480732608,11.11111111111111
19.1480732608,11.11111111111111
19.1787357344,11.11111111111111
19.1787357344,11.11111111111111
19.2092685664,11.11111111111111
19.2092685664,11.11111111111111
19.2396806976,11.11111111111111
19.2396806976,11.11111111111111
19.2699631872,11.11111111111111
19.2699631872,11.11111111111111
19.285059727999997,11.11111111111111
19.3151589312,11.11111111111111
19.3151589312,11.11111111111111
19.345137433599998,11.11111111111111
19.345137433599998,11.11111111111111
19.3749952352,11.11111111111111
19.3749952352,11.11111111111111
19.404727865599998,11.11111111111111
19.404727865599998,11.11111111111111
19.4343397952,11.11111111111111
19.4343397952,11.11111111111111
19.4638354944,11.11111111111111
19.4638354944,11.11111111111111
19.4932060224,11.11111111111111
19.4932060224,11.11111111111111
19.5224558496,11.11111111111111
19.5224558496,11.11111111111111
19.5515894464,11.11111111111111
19.5515894464,11.11111111111111
19.566113775999998,11.11111111111111
19.5950685568,11.11111111111111
19.5950685568,11.11111111111111
19.638279443200002,11.11111111111111
19.638279443200002,11.11111111111111
19.638279443200002,11.11111111111111
19.681226576,11.11111111111111
19.681226576,11.11111111111111
19.681226576,11.11111111111111
19.7097119648,11.11111111111111
19.7097119648,11.11111111111111
19.738085593599997,11.11111111111111
19.738085593599997,11.11111111111111
19.7522254688,11.11111111111111
19.7944796896,11.11111111111111
19.7944796896,11.11111111111111
19.7944796896,11.11111111111111
19.822504627199997,11.11111111111111
19.822504627199997,11.11111111111111
19.8504222752,11.11111111111111
19.8504222752,11.11111111111111
19.8782192224,11.11111111111111
19.8782192224,11.11111111111111
19.905904409599998,11.11111111111111
19.905904409599998,11.11111111111111
19.933477836799998,11.11111111111111
19.933477836799998,11.11111111111111
19.9609350336,11.11111111111111
19.9609350336,11.11111111111111
19.9882849408,11.11111111111111
19.9882849408,11.11111111111111
20.015523088,11.11111111111111
20.015523088,11.11111111111111
20.0290952224,11.11111111111111
20.0561679648,11.11111111111111
20.0561679648,11.11111111111111
20.0831244768,11.11111111111111
20.0831244768,11.11111111111111
20.1099781696,11.11111111111111
20.1099781696,11.11111111111111
20.136720102399998,11.11111111111111
20.136720102399998,11.11111111111111
20.1633502752,-11.062598776345183
20.1633502752,-10.990530966326684
20.1898731584,-10.990530966326684
20.1898731584,-10.990530966326684
20.2030921312,-10.990530966326684
20.2294585504,-10.88200906702796
20.2294585504,-10.814570786309737
20.2557132096,-10.73517675479734
20.2557132096,-10.73517675479734
20.2818605792,-10.73517675479734
20.2818605792,-10.673094413324543
20.3079006592,-10.598820398720685
20.3079006592,-10.606938602592203
20.33383792,-10.606938602592203
20.33383792,-10.606938602592203
20.3467663168,-10.539837081774662
20.3725381728,-10.539837081774662
20.3725381728,-10.440168375140605
20.39821168,-10.440168375140605
20.39821168,-10.440168375140605
20.4237778976,-10.374234081049465
20.4237778976,-10.374234081049465
20.449241296,-10.312834637547963
20.449241296,-10.312834637547963
20.461937232,-10.250328905797192
20.4872441664,-10.219488713920999
20.4872441664,-10.156896535863034
20.512448281599998,-10.089568484347362
20.512448281599998,-10.089568484347362
20.5375495776,-10.028372079697041
20.5375495776,-10.028372079697041
20.5500622272,-10.035823531310495
20.5750115296,-9.940309535180024
20.5750115296,-9.940309535180024
20.5998624832,-9.947758673302715
20.5998624832,-9.892107930671308
20.6246061472,-9.892107930671308
20.6246061472,-9.892107930671308
20.6492514624,-9.771772452477036
20.6492514624,-9.771772452477036
20.673798428799998,-9.718782952096822
20.673798428799998,-9.718782952096822
20.698242576,-9.718782952096822
20.698242576,-9.669951004465965
20.7225883744,-9.669951004465965
20.7225883744,-9.617592458119576
20.73472104,-9.617592458119576
20.7709804544,-9.591765797262019
20.7709804544,-9.591765797262019
20.7709804544,-9.512619414932665
20.783014771199998,-9.512619414932665
20.807020819199998,-9.486638741148095
20.807020819199998,-9.486638741148095
20.8309195776,-9.436831443962388
20.8309195776,-9.388007330965182
20.8547244576,-9.388007330965182
20.8547244576,-9.337883939820918
20.8665888992,-9.337883939820918
20.890250726399998,-9.312070351802943
20.890250726399998,-9.312070351802943
20.9138142048,-9.263800402378415
20.9138142048,-9.263800402378415
20.9372793344,-9.216681175150939
20.9372793344,-9.216681175150939
20.9489783712,-9.170117926903119
20.972300448,-9.170117926903119
20.972300448,-9.170117926903119
21.0071069824,-9.10092690877329
21.0071069824,-9.10092690877329
21.0071069824,-9.029754777302553
21.018662966399997,-9.029754777302553
21.041703408,-9.029754777302553
21.041703408,-8.963012105850602
21.0646499712,-8.963012105850602
21.0646499712,-8.963012105850602
21.0874981856,-8.919386932372559
21.0874981856,-8.919386932372559
21.1102614624,-8.875885756680011
21.1102614624,-8.833240285777823
21.1216028672,-8.833240285777823
21.1442230912,-8.811759245249501
21.1442230912,-8.76832948227871
21.1667539072,-8.76832948227871
21.1667539072,-8.76832948227871
21.1891863744,-8.725079668089542
21.1891863744,-8.683515296407554
21.211533904,-8.683515296407554
21.211533904,-8.683515296407554
21.2337875552,-8.642660273291012
21.2337875552,-8.600442274837182
21.2448786176,-8.600442274837182
21.2669981568,-8.57931073417809
21.2669981568,-8.57931073417809
21.289028288,-8.57931073417809
21.289028288,-8.50034771116353
21.3109645408,-8.50034771116353
21.3109645408,-8.46120908196078
21.3331243136,-8.46120908196078
21.3331243136,-8.46120908196078
21.355762419199998,-8.421399039621075
21.355762419199998,-8.421399039621075
21.379106848,-8.421399039621075
21.379106848,-8.336917639640225
21.3997109216,-8.336917639640225
21.3997109216,-8.29656705749224
21.415075686399998,-8.29656705749224
21.415075686399998,-8.254971527165715
21.434517456000002,-8.254971527165715
21.4541469824,-8.254971527165715
21.4541469824,-8.19958286889493
21.4748359936,-8.155471997479456
21.4748359936,-8.155471997479456
21.4956591168,-8.160669510592458
21.4956591168,-8.160669510592458
21.516558236799998,-8.123045923434367
21.516558236799998,-8.123045923434367
21.5374797088,-8.123045923434367
21.5374797088,-8.043211891167712
21.558374358400002,-8.005670276262128
21.558374358400002,-8.005670276262128
21.5792198336,-8.01078620761114
21.5792198336,-8.01078620761114
21.597088022399998,-7.972759420544793
21.597088022399998,-7.931574926746671
21.612953472,-7.935835935589614
21.6325427648,-7.918048144395147
21.6325427648,-7.918048144395147
21.6497046304,-7.881214068249106
21.6497046304,-7.881214068249106
21.6753423744,-7.881214068249106
21.6753423744,-7.810130116329033
21.69418064,-7.810130116329033
21.69418064,-7.810130116329033
21.70401552,-7.773244497483697
21.7238104512,-7.755255034750554
21.7238104512,-7.71937037552298
21.7437082016,-7.71937037552298
21.7437082016,-7.683947700300019
21.7636595968,-7.683947700300019
21.7636595968,-7.648891246967794
21.773642,-7.648891246967794
21.793579984,-7.648891246967794
21.793579984,-7.596919409079688
21.813468793600002,-7.596919409079688
21.813468793600002,-7.5625224541699145
21.8332860768,-7.5625224541699145
21.8332860768,-7.528696906749292
21.853027363200002,-7.528696906749292
21.853027363200002,-7.528696906749292
21.8726881824,-7.455489850336553
21.8726881824,-7.455489850336553
21.8824872992,-7.455489850336553
21.9020184768,-7.443492597580399
21.9020184768,-7.443492597580399
21.9214647168,-7.410736477400125
21.9214647168,-7.410736477400125
21.9408304896,-7.378251412452161
21.9408304896,-7.344175114775928
21.9504865536,-7.344175114775928
21.969731625599998,-7.328447095169666
21.969731625599998,-7.296761816216453
21.988896230399998,-7.296761816216453
21.988896230399998,-7.2642634849227505
21.9984494752,-7.2642634849227505
22.017502320000002,-7.248024283673045
22.017502320000002,-7.215665517576737
22.0364746976,-7.215665517576737
22.0364746976,-7.1840563214228546
22.0553621376,-7.147526922441643
22.0553621376,-7.147526922441643
22.0741825216,-7.151499483490061
22.0741825216,-7.120081154142104
22.0929224384,-7.120081154142104
22.0929224384,-7.089593753395763
22.102261104,-7.089593753395763
22.120889260800002,-7.0397820701067095
22.120889260800002,-7.0397820701067095
22.1394369504,-7.0397820701067095
22.1394369504,-7.013184878837997
22.1579131136,-7.013184878837997
22.1579131136,-7.013184878837997
22.1671221376,-7.013184878837997
22.1854820704,-6.968739949025716
22.1854820704,-6.937664543821217
22.2037704768,-6.937664543821217
22.2037704768,-6.9088976128484205
22.2219828864,-6.9088976128484205
22.2219828864,-6.9088976128484205
22.2401237696,-6.879738110320889
22.2401237696,-6.879738110320889
22.2491673888,-6.850500431693091
22.2671920416,-6.804819616100473
22.2671920416,-6.804819616100473
22.285145168,-6.8084357753606985
22.285145168,-6.8084357753606985
22.303026768,-6.8084357753606985
22.303026768,-6.7519416495238325
22.3208368416,-6.7519416495238325
22.3208368416,-6.724240223016803
22.3385709184,-6.724240223016803
22.3385709184,-6.724240223016803
22.347413369599998,-6.696535552778401
22.3650401568,-6.696535552778401
22.3650401568,-6.65681201543915
22.3825954176,-6.65681201543915
22.3825954176,-6.629532698156132
22.400079152,-6.629532698156132
22.400079152,-6.629532698156132
22.4174868896,-6.573847829948531
22.4174868896,-6.573847829948531
22.426163936,-6.577199963172837
22.4434777952,-6.577199963172837
22.4434777952,-6.538568597392865
22.4607111872,-6.538568597392865
22.4607111872,-6.51179042286161
22.4778775232,-6.51179042286161
22.4778775232,-6.51179042286161
22.4864338688,-6.51179042286161
22.5034884448,-6.474473205557944
22.5034884448,-6.474473205557944
22.5204804352,-6.448999303521734
22.5204804352,-6.448999303521734
22.537400899199998,-6.424276735715961
22.537400899199998,-6.399167843673027
22.554249836799997,-6.399167843673027
22.554249836799997,-6.374751160155406
22.5626541888,-6.374751160155406
22.5794003072,-6.374751160155406
22.5794003072,-6.338867562138024
22.5960793696,-6.338867562138024
22.5960793696,-6.314736809722693
22.612691376,-6.314736809722693
22.612691376,-6.289161458510908
22.6292407968,-6.289161458510908
22.6292407968,-6.269044561750558
22.645714220800002,-6.269044561750558
22.645714220800002,-6.269044561750558
22.662129529599998,-6.269044561750558
22.662129529599998,-6.223243694450301
22.670310361600002,-6.223243694450301
22.6866183808,-6.223243694450301
22.6866183808,-6.189118791336762
22.702859344,-6.189118791336762
22.702859344,-6.164348766242192
22.7190377216,-6.167264028233609
22.7190377216,-6.145834815882452
22.7351535136,-6.145834815882452
22.7351535136,-6.145834815882452
22.751193308799998,-6.123885378614018
22.751193308799998,-6.1024396465840685
22.7671794592,-6.1024396465840685
22.7671794592,-6.1024396465840685
22.775145712,-6.081877962332434
22.798946121599997,-6.071477719191921
22.798946121599997,-6.071477719191921
22.798946121599997,-6.040325831671218
22.814731104,-6.040325831671218
22.814731104,-6.019735388753664
22.822603478399998,-6.019735388753664
22.838290112,-6.009499967480564
22.838290112,-5.9891989277989905
22.8539186304,-5.9891989277989905
22.8539186304,-5.9891989277989905
22.8694800928,-5.9891989277989905
22.8694800928,-5.948705366189047
22.8849789696,-5.948705366189047
22.8849789696,-5.929003582987832
22.9004197312,-5.929003582987832
22.9004197312,-5.929003582987832
22.9157934368,-5.909125806988234
22.9157934368,-5.909125806988234
22.9234601728,-5.889453391467387
22.93874,-5.889453391467387
22.93874,-5.860757361533494
22.953961711999998,-5.860757361533494
22.953961711999998,-5.860757361533494
22.9766758144,-5.8415191445865595
22.9766758144,-5.8415191445865595
22.9766758144,-5.8415191445865595
22.9917410624,-5.813490101891914
22.9917410624,-5.813490101891914
23.014222703999998,-5.7944168128030284
23.014222703999998,-5.7944168128030284
23.014222703999998,-5.766994059661066
23.0291359584,-5.766994059661066
23.0291359584,-5.748775170149579
23.0513851392,-5.748775170149579
23.0513851392,-5.722575948114937
23.0513851392,-5.722575948114937
23.066146399999997,-5.722575948114937
23.066146399999997,-5.722575948114937
23.088172060799998,-5.704500926109251
23.088172060799998,-5.704500926109251
23.088172060799998,-5.678356027316591
23.1100636096,-5.678356027316591
23.1100636096,-5.652346398646729
23.1100636096,-5.652346398646729
23.1318255168,-5.652346398646729
23.1318255168,-5.652346398646729
23.1318255168,-5.626967510185561
23.1534488416,-5.626967510185561
23.1534488416,-5.626967510185561
23.1534488416,-5.60223334817699
23.1820772832,-5.60223334817699
23.1820772832,-5.60223334817699
23.1820772832,-5.60223334817699
23.1820772832,-5.569255293467732
23.2033966208,-5.569255293467732
23.2033966208,-5.569255293467732
23.2033966208,-5.544797509709634
23.224590787199997,-5.544797509709634
23.224590787199997,-5.521207070655617
23.224590787199997,-5.521207070655617
23.2526425472,-5.521207070655617
23.2526425472,-5.4895311147255725
23.2526425472,-5.4895311147255725
23.2526425472,-5.4895311147255725
23.273528256,-5.463791004858343
23.273528256,-5.463791004858343
23.273528256,-5.463791004858343
23.2873820256,-5.466800304151171
23.2873820256,-5.451793239040177
23.3011821504,-5.451793239040177
23.3011821504,-5.434733502347297
23.3217728128,-5.436711070268929
23.3217728128,-5.436711070268929
23.3217728128,-5.41510241397369
23.342238304,-5.41510241397369
23.342238304,-5.392944475257083
23.342238304,-5.392944475257083
23.3625741536,-5.392944475257083
23.3625741536,-5.392944475257083
23.3625741536,-5.371761731372349
23.3827937728,-5.371761731372349
23.3827937728,-5.350748079900573
23.3827937728,-5.350748079900573
23.409558057599998,-5.350748079900573
23.409558057599998,-5.323702502472559
23.409558057599998,-5.323702502472559
23.409558057599998,-5.323702502472559
23.4361077632,-5.323702502472559
23.4361077632,-5.296976631786229
23.4361077632,-5.296976631786229
23.4361077632,-5.296976631786229
23.4463852128,-5.296976631786229
23.4463852128,-5.296976631786229
23.4463852128,-5.2777861699646005
23.4474983424,-5.2777861699646005
23.4474983424,-5.265264046748458
23.3455553408,-5.265264046748458
23.3455553408,-5.265264046748458
23.3455553408,-5.235106853481527
23.0879038368,-5.235106853481527
23.0879038368,-5.182971339571839
23.0879038368,-5.182971339571839
23.0879038368,-5.182971339571839
22.8473069088,-5.182971339571839
22.8473069088,-5.182971339571839
22.8473069088,-5.182971339571839
22.5488227712,-5.1409772551578765
22.5488227712,-5.1409772551578765
22.5488227712,-5.1409772551578765
22.0702798624,-5.095409381836784
22.0702798624,-5.095409381836784
22.0702798624,-5.035204140728858
22.0702798624,-5.035204140728858
21.8234824896,-5.035204140728858
21.8234824896,-5.0118756897330305
21.455148352,-5.0118756897330305
21.455148352,-5.0118756897330305
21.455148352,-5.003569598050181
20.8879752928,-5.003569598050181
20.8879752928,-5.182907166033836
20.8879752928,-5.182907166033836
20.8879752928,-5.182907166033836
20.419222559999998,-5.182907166033836
20.419222559999998,-5.228416182618756
20.419222559999998,-5.228416182618756
19.902489024,-5.330350020658492
19.902489024,-5.330350020658492
19.902489024,-5.4791617982185405
19.3733680096,-5.4791617982185405
19.3733680096,-5.4791617982185405
19.3733680096,-5.670259220406723
18.789918223999997,-5.670259220406723
18.789918223999997,-5.670259220406723
18.789918223999997,-5.851588844312677
17.9735069536,-5.851588844312677
17.9735069536,-6.136966324901065
17.9735069536,-6.136966324901065
17.9735069536,-6.136966324901065
17.362984425599997,-6.136966324901065
17.362984425599997,-6.136966324901065
17.362984425599997,-6.389488981406915
16.7042128704,-6.389488981406915
16.7042128704,-6.389488981406915
16.7042128704,-6.683024355698836
16.029410460799998,-6.683024355698836
16.029410460799998,-6.968144574941961
16.029410460799998,-6.931306220441111
15.3496861408,-6.931306220441111
15.3496861408,-7.269494257131162
15.3496861408,-7.269494257131162
14.6248152512,-7.261557742625062
14.6248152512,-7.261557742625062
14.6248152512,-7.261557742625062
13.589680719999999,-7.700042286241194
13.589680719999999,-7.700042286241194
13.589680719999999,-8.238130913706383
13.589680719999999,-8.238130913706383
12.513574972799999,-8.238130913706383
12.513574972799999,-8.988012156903846
12.513574972799999,-8.988012156903846
12.513574972799999,-8.988012156903846
11.699117267199998,-8.988012156903846
11.699117267199998,-8.988012156903846
11.699117267199998,-9.607138528517227
10.9230737088,-9.607138528517227
10.9230737088,-10.319599968449433
10.9230737088,-10.319599968449433
10.2622591808,-10.271413971598667
10.2622591808,-10.271413971598667
10.2622591808,-10.9521087586187
9.689413184000001,-10.9521087586187
9.689413184000001,-10.9521087586187
9.689413184000001,11.11111111111111
9.2413628736,11.11111111111111
9.2413628736,11.11111111111111
9.2413628736,11.11111111111111
8.7971571072,11.11111111111111
8.7971571072,11.11111111111111
8.7971571072,11.11111111111111
8.356661772799999,11.11111111111111
8.356661772799999,11.11111111111111
8.356661772799999,11.11111111111111
7.9198589888,11.11111111111111
7.9198589888,11.11111111111111
7.9198589888,11.11111111111111
7.630704576,11.11111111111111
7.630704576,11.11111111111111
7.343204211199999,11.11111111111111
7.343204211199999,11.11111111111111
7.200070944,11.11111111111111
6.9150337696,11.11111111111111
6.9150337696,11.11111111111111
6.631637232,11.11111111111111
6.631637232,11.11111111111111
6.34986792,11.11111111111111
6.34986792,11.11111111111111
6.2095912384,11.11111111111111
5.930253823999999,11.11111111111111
5.930253823999999,11.11111111111111
5.6525212832,11.11111111111111
5.6525212832,11.11111111111111
5.376384675200001,11.11111111111111
5.376384675200001,11.11111111111111
5.1018395296,11.11111111111111
5.1018395296,11.11111111111111
4.96516152,11.11111111111111
4.7032765472,11.11111111111111
4.7032765472,11.11111111111111
4.4270496371200005,11.11111111111111
4.4270496371200005,11.11111111111111
4.29035374592,11.11111111111111
4.0194282832,11.11111111111111
4.0194282832,11.11111111111111
3.75133616,11.11111111111111
3.75133616,11.11111111111111
3.4856160310399997,11.11111111111111
3.4856160310399997,11.11111111111111
3.35353135744,11.11111111111111
3.09074157568,11.11111111111111
3.09074157568,11.11111111111111
2.8296281939199996,11.11111111111111
2.8296281939199996,11.11111111111111
2.69965712544,11.11111111111111
2.4408312473600002,11.11111111111111
2.4408312473600002,11.11111111111111
2.1834488614399996,11.11111111111111
2.1834488614399996,11.11111111111111
1.92748538048,11.11111111111111
1.92748538048,11.11111111111111
1.67293141664,11.11111111111111
1.67293141664,11.11111111111111
1.41978741696,11.11111111111111
1.41978741696,11.11111111111111
1.29374538304,11.11111111111111
1.04272258816,11.11111111111111
1.04272258816,11.11111111111111
0.79311869824,11.11111111111111
0.79311869824,11.11111111111111
0.668850072,11.11111111111111
0.421380395744,11.11111111111111
0.421380395744,11.11111111111111
0.18036409952000002,11.11111111111111
0.18036409952000002,11.11111111111111
0.004544751692799999,11.11111111111111
0.004544751692799999,11.11111111111111
0.0043082004768,11.11111111111111
0.0035321162377599997,11.11111111111111
0.0035321162377599997,11.11111111111111
0.00263069271168,11.11111111111111
0.00263069271168,11.11111111111111
0.00180121267392,11.11111111111111
0.00180121267392,11.11111111111111
0.00113010773216,11.11111111111111
0.00113010773216,11.11111111111111
0.0008604952259199999,11.11111111111111
0.00044836189728,11.11111111111111
0.00044836189728,11.11111111111111
0.000180687667072,11.11111111111111
0.000180687667072,11.11111111111111
2.32269511584e-05,11.11111111111111
2.32269511584e-05,11.11111111111111
2.67427106496e-05,11.11111111111111
7.838332304e-05,11.11111111111111
7.838332304e-05,11.11111111111111
8.9236157824e-05,11.11111111111111
9.0864098688e-05,11.11111111111111
9.0864098688e-05,11.11111111111111
7.8359048768e-05,11.11111111111111
7.8359048768e-05,11.11111111111111
6.027842656e-05,11.11111111111111
6.027842656e-05,11.11111111111111
5.1535352352e-05,11.11111111111111
3.42418200608e-05,11.11111111111111
3.42418200608e-05,11.11111111111111
2.07542745696e-05,11.11111111111111
2.07542745696e-05,11.11111111111111
1.12812466272e-05,11.11111111111111
1.12812466272e-05,11.11111111111111
5.1253538336e-06,11.11111111111111
5.1253538336e-06,11.11111111111111
2.86573248544e-06,11.11111111111111
1.72341206752e-07,11.11111111111111
1.72341206752e-07,11.11111111111111
1.4025812944e-06,11.11111111111111
2.5584836815999997e-06,11.11111111111111
2.5584836815999997e-06,11.11111111111111
3.01903591264e-06,11.11111111111111
3.01903591264e-06,11.11111111111111
2.64715361856e-06,11.11111111111111
1.7400115567999998e-06,11.11111111111111
1.7400115567999998e-06,11.11111111111111
1.27906146016e-06,11.11111111111111
1.27906146016e-06,11.11111111111111
1.32370063936e-06,11.11111111111111
1.32370063936e-06,11.11111111111111
2.53583752928e-07,11.11111111111111
2.53583752928e-07,11.11111111111111
2.52881766016e-07,11.11111111111111
2.52881766016e-07,11.11111111111111
1.93549812544e-07,11.11111111111111
1.9388303615999999e-07,11.11111111111111
1.9388303615999999e-07,11.11111111111111
2.5335178387199997e-07,11.11111111111111
3.2724423248e-07,11.11111111111111
3.2724423248e-07,11.11111111111111
4.4843163552e-08,11.11111111111111
4.4843163552e-08,11.11111111111111
2.82788518496e-07,11.11111111111111
2.82788518496e-07,11.11111111111111
4.48034664e-08,11.11111111111111
4.48034664e-08,11.11111111111111
1.63775026272e-07,11.11111111111111
1.63775026272e-07,11.11111111111111
1.4879118425600002e-07,11.11111111111111
2.2313134342399999e-07,11.11111111111111
2.2313134342399999e-07,11.11111111111111
4.46435333696e-08,11.11111111111111
4.46435333696e-08,11.11111111111111
1.33848425216e-07,11.11111111111111
1.33848425216e-07,11.11111111111111
1.63591650464e-07,11.11111111111111
1.9333720031999999e-07,11.11111111111111
1.9333720031999999e-07,11.11111111111111
1.9334819750399997e-07,11.11111111111111
1.9334819750399997e-07,11.11111111111111
1.7848402809599998e-07,11.11111111111111
1.48771246272e-07,11.11111111111111
1.48771246272e-07,11.11111111111111
4.4873025824e-08,11.11111111111111
4.4873025824e-08,11.11111111111111
7.455143027199999e-08,11.11111111111111
7.455143027199999e-08,11.11111111111111
1.3399769187199998e-07,11.11111111111111
1.3399769187199998e-07,11.11111111111111
1.34038372512e-07,11.11111111111111
1.34038372512e-07,11.11111111111111
1.34056924672e-07,11.11111111111111
1.04907860288e-07,11.11111111111111
1.04907860288e-07,11.11111111111111
2.52885878784e-07,11.11111111111111
2.52885878784e-07,11.11111111111111
2.97471904928e-07,11.11111111111111
8.9633486976e-08,11.11111111111111
8.9633486976e-08,11.11111111111111
1.3399585900799998e-07,11.11111111111111
1.3399585900799998e-07,11.11111111111111
1.33921426848e-07,11.11111111111111
1.33921426848e-07,11.11111111111111
1.04142974848e-07,11.11111111111111
1.04142974848e-07,11.11111111111111
8.9255827584e-08,11.11111111111111
2.9753118243199997e-08,11.11111111111111
2.9753118243199997e-08,11.11111111111111
2.97953635232e-08,11.11111111111111
2.97953635232e-08,11.11111111111111
7.4418257056e-08,11.11111111111111
7.4418257056e-08,11.11111111111111
